               epoch,      train/box_loss,      train/obj_loss,      train/cls_loss,   metrics/precision,      metrics/recall,     metrics/mAP_0.5,metrics/mAP_0.5:0.95,        val/box_loss,        val/obj_loss,        val/cls_loss,               x/lr0,               x/lr1,               x/lr2
                   0,             0.12124,             0.01639,            0.050844,           0.0014126,             0.26136,           0.0022309,          0.00060474,            0.082623,           0.0076859,            0.031056,              0.0982,              0.0002,              0.0002
                   1,              0.1205,            0.016006,            0.050194,           0.0014671,             0.38636,            0.002594,          0.00096346,            0.079445,           0.0079729,            0.030801,            0.095497,           0.0004967,           0.0004967
                   2,             0.11271,            0.016697,            0.048069,           0.0022603,             0.48864,            0.010866,            0.003441,            0.075299,           0.0084902,            0.030264,            0.092789,          0.00078944,          0.00078944
                   3,              0.1066,            0.018426,            0.048096,           0.0030927,             0.71591,            0.020635,           0.0080155,            0.068323,           0.0091979,            0.029771,            0.090078,           0.0010782,           0.0010782
                   4,            0.095893,            0.019676,            0.047061,           0.0032858,             0.89773,            0.045194,            0.014458,            0.061639,           0.0094161,            0.029025,            0.087363,            0.001363,            0.001363
                   5,            0.088014,            0.021115,            0.045775,           0.0036614,             0.97727,            0.058433,            0.019082,             0.05637,           0.0094015,            0.028288,            0.084644,           0.0016439,           0.0016439
                   6,            0.083888,            0.022982,            0.044268,           0.0037124,                   1,            0.075626,            0.026715,            0.051007,           0.0095222,            0.027231,            0.081921,           0.0019208,           0.0019208
                   7,            0.082942,            0.023646,            0.044238,             0.09792,             0.46591,             0.13461,            0.049035,            0.045921,           0.0096936,            0.025952,            0.079194,           0.0021937,           0.0021937
                   8,            0.077018,             0.02607,            0.041133,             0.13747,             0.20455,             0.19732,            0.069853,            0.041058,           0.0095885,            0.024602,            0.076463,           0.0024627,           0.0024627
                   9,            0.072212,             0.02495,            0.040734,             0.27087,             0.30102,             0.30815,             0.13026,            0.040503,            0.009093,            0.023835,            0.073728,           0.0027277,           0.0027277
                  10,            0.067869,            0.025699,            0.039509,             0.27091,             0.44318,             0.40002,             0.18889,            0.037748,           0.0087267,            0.022823,            0.070989,           0.0029888,           0.0029888
                  11,             0.06549,            0.024477,            0.035682,             0.42222,             0.48873,              0.4975,             0.23372,             0.03542,           0.0083649,            0.021651,            0.068246,           0.0032459,           0.0032459
                  12,            0.062251,            0.024608,            0.037002,              0.4675,              0.5787,             0.51145,             0.23368,            0.033426,           0.0087978,            0.019881,            0.065499,            0.003499,            0.003499
                  13,            0.058346,            0.022347,            0.035586,             0.40437,             0.70519,             0.60315,             0.28781,              0.0341,           0.0093281,            0.018479,            0.062748,           0.0037482,           0.0037482
                  14,            0.059046,            0.021647,            0.034887,             0.38127,             0.63636,             0.56642,             0.28351,            0.035407,           0.0093849,            0.017746,            0.059993,           0.0039934,           0.0039934
                  15,            0.056727,            0.021406,             0.03284,             0.48564,             0.71591,             0.60403,             0.26292,            0.035576,           0.0098733,            0.016927,            0.057235,           0.0042347,           0.0042347
                  16,            0.052427,            0.021763,            0.029998,             0.38738,             0.67822,             0.54848,             0.28847,            0.041649,           0.0096435,            0.015733,            0.054472,            0.004472,            0.004472
                  17,            0.053237,             0.02126,            0.031637,              0.4711,             0.75773,              0.5953,             0.23109,            0.038663,           0.0087092,            0.014778,            0.051705,           0.0047053,           0.0047053
                  18,            0.052037,             0.01925,            0.027896,             0.40888,                0.75,             0.61516,             0.30478,            0.037296,           0.0079036,            0.014553,            0.048935,           0.0049347,           0.0049347
                  19,              0.0564,            0.021955,            0.029727,              0.3376,             0.76136,             0.51758,             0.29961,            0.041766,           0.0072325,            0.014408,             0.04616,           0.0051601,           0.0051601
                  20,            0.053112,            0.019227,            0.030417,             0.55322,             0.84272,             0.76055,             0.38451,            0.032067,           0.0067191,             0.01416,            0.043382,           0.0053816,           0.0053816
                  21,            0.052643,            0.018697,            0.028705,             0.59647,             0.80682,             0.79314,             0.39445,             0.03433,           0.0063136,            0.013856,            0.040599,           0.0055991,           0.0055991
                  22,            0.053619,            0.019258,            0.026236,             0.35736,             0.61364,             0.46885,             0.21962,            0.037906,           0.0064145,            0.013191,            0.037813,           0.0058126,           0.0058126
                  23,            0.051905,            0.019626,            0.026388,             0.36635,             0.75564,             0.50952,             0.26655,            0.035969,           0.0061833,            0.013221,            0.035022,           0.0060222,           0.0060222
                  24,            0.056327,            0.018542,             0.02771,             0.68307,             0.78959,             0.79647,             0.37509,            0.035118,           0.0060166,            0.013579,            0.032228,           0.0062278,           0.0062278
                  25,            0.049229,            0.019407,            0.027531,              0.4401,             0.65606,             0.56688,             0.27406,            0.033672,           0.0071683,            0.014662,            0.029429,           0.0064295,           0.0064295
                  26,            0.050173,            0.018468,            0.024116,              0.4294,             0.57182,             0.53603,             0.30581,            0.035836,           0.0069346,            0.013578,            0.026627,           0.0066272,           0.0066272
                  27,             0.04956,            0.018461,            0.021261,              0.4699,             0.66325,             0.59113,              0.3498,            0.033227,           0.0073777,            0.012044,            0.023821,           0.0068209,           0.0068209
                  28,            0.053676,            0.018703,            0.022737,               0.553,             0.84194,             0.74964,             0.38833,            0.040365,           0.0059801,            0.010832,            0.021011,           0.0070107,           0.0070107
                  29,             0.05141,            0.018137,            0.023497,             0.58565,             0.90909,             0.80505,             0.41976,            0.033203,           0.0053929,           0.0096339,            0.018197,           0.0071965,           0.0071965
                  30,            0.053628,            0.019191,            0.022305,             0.62793,             0.76136,             0.78298,              0.3624,            0.038856,           0.0053391,           0.0089971,            0.015378,           0.0073784,           0.0073784
                  31,            0.052806,            0.014947,            0.022443,             0.66977,             0.73132,              0.8097,             0.45471,             0.03507,           0.0055152,           0.0085951,            0.012556,           0.0075563,           0.0075563
                  32,            0.050745,            0.017992,            0.021938,             0.50087,             0.82587,             0.77589,             0.45092,            0.035473,           0.0057276,           0.0079368,           0.0097302,           0.0077302,           0.0077302
                  33,            0.048068,            0.017148,            0.022526,             0.41428,             0.78627,             0.71402,             0.31583,            0.039756,           0.0057512,           0.0076456,            0.007822,            0.007822,            0.007822
                  34,            0.050086,            0.017041,            0.019619,             0.58958,             0.85208,             0.79963,             0.48405,            0.034428,           0.0055725,           0.0077283,            0.007822,            0.007822,            0.007822
                  35,            0.045252,            0.017424,              0.0205,             0.66619,             0.83671,             0.84887,              0.4536,            0.030696,           0.0054427,           0.0080024,            0.007756,            0.007756,            0.007756
                  36,            0.048682,            0.017938,            0.019405,             0.63589,             0.69604,             0.75297,             0.33473,            0.036225,           0.0051374,           0.0074164,             0.00769,             0.00769,             0.00769
                  37,            0.046659,             0.01627,            0.021279,             0.43227,             0.81647,             0.67283,             0.37852,            0.036647,           0.0059858,           0.0066159,            0.007624,            0.007624,            0.007624
                  38,            0.043614,             0.01672,            0.016406,             0.79117,             0.84761,             0.90137,             0.45916,            0.026484,           0.0053779,           0.0053206,            0.007558,            0.007558,            0.007558
                  39,             0.04531,            0.018295,            0.017023,             0.58154,             0.89806,             0.76833,             0.39036,             0.02786,            0.004941,           0.0046663,            0.007492,            0.007492,            0.007492
                  40,            0.044262,            0.017978,            0.015923,             0.64382,             0.81818,             0.76556,             0.45848,            0.028566,           0.0050366,           0.0049846,            0.007426,            0.007426,            0.007426
                  41,            0.042852,            0.016464,            0.013995,             0.67008,             0.88548,             0.80737,             0.46421,            0.039637,           0.0051027,            0.005666,             0.00736,             0.00736,             0.00736
                  42,            0.048024,            0.016516,            0.013965,             0.80547,             0.85912,             0.88129,              0.4926,             0.02337,           0.0047345,           0.0056807,            0.007294,            0.007294,            0.007294
                  43,            0.044809,            0.016241,            0.016504,              0.7351,             0.84091,             0.89373,              0.5929,            0.021424,           0.0044996,           0.0045355,            0.007228,            0.007228,            0.007228
                  44,            0.040323,            0.014604,            0.013704,             0.62997,             0.86676,             0.78131,             0.51456,            0.025299,           0.0043513,           0.0037032,            0.007162,            0.007162,            0.007162
                  45,            0.044487,            0.015359,            0.013769,             0.81376,              0.7498,              0.8831,              0.5335,             0.03369,           0.0046719,           0.0033821,            0.007096,            0.007096,            0.007096
                  46,            0.047228,             0.01533,            0.014076,             0.73936,             0.82565,             0.87871,             0.51433,            0.024553,           0.0047099,           0.0035965,             0.00703,             0.00703,             0.00703
                  47,            0.038211,            0.015808,            0.012103,             0.80934,             0.79323,             0.87406,             0.49904,            0.024246,           0.0045487,           0.0040012,            0.006964,            0.006964,            0.006964
                  48,            0.040839,             0.01558,            0.014967,             0.78233,             0.86477,             0.86312,             0.57906,            0.024232,           0.0044984,           0.0039528,            0.006898,            0.006898,            0.006898
                  49,             0.04074,            0.015274,            0.011769,              0.6752,             0.88257,              0.8289,              0.5184,            0.026254,           0.0045862,           0.0038966,            0.006832,            0.006832,            0.006832
                  50,            0.043038,             0.01567,            0.013154,              0.7277,             0.86364,             0.83903,             0.45449,            0.024435,           0.0045867,           0.0040514,            0.006766,            0.006766,            0.006766
                  51,            0.044614,            0.015034,            0.013202,             0.69877,             0.85788,             0.86029,              0.4685,            0.026386,            0.004675,           0.0039563,              0.0067,              0.0067,              0.0067
                  52,            0.038847,            0.015047,            0.010449,             0.71183,             0.88486,             0.86732,             0.51661,             0.02439,           0.0045672,           0.0035103,            0.006634,            0.006634,            0.006634
                  53,            0.039944,            0.016388,            0.013511,             0.81428,             0.90382,             0.92606,              0.6027,            0.026309,           0.0043155,           0.0026348,            0.006568,            0.006568,            0.006568
                  54,            0.038089,            0.014218,           0.0090671,             0.86575,             0.98069,              0.9693,             0.59181,            0.022624,           0.0041917,            0.002325,            0.006502,            0.006502,            0.006502
                  55,            0.036685,            0.015168,           0.0096351,             0.79185,             0.88394,              0.8949,             0.64248,            0.022742,           0.0040398,           0.0023204,            0.006436,            0.006436,            0.006436
                  56,            0.037712,            0.015515,            0.012836,             0.86869,             0.94318,              0.9281,             0.63095,            0.021203,            0.004046,           0.0024526,             0.00637,             0.00637,             0.00637
                  57,            0.035961,            0.016521,           0.0086756,             0.90633,             0.98864,             0.96228,             0.63576,            0.020276,           0.0042631,           0.0026779,            0.006304,            0.006304,            0.006304
                  58,            0.036701,            0.014646,            0.011469,             0.83013,             0.94452,             0.96931,             0.67107,            0.023944,           0.0041847,           0.0025941,            0.006238,            0.006238,            0.006238
                  59,            0.036379,             0.01473,            0.012602,             0.73381,             0.97352,              0.9291,             0.65705,            0.020871,           0.0042436,           0.0024508,            0.006172,            0.006172,            0.006172
                  60,            0.035653,            0.015221,           0.0080917,             0.85119,             0.96898,             0.91318,             0.61294,            0.020215,             0.00419,           0.0027147,            0.006106,            0.006106,            0.006106
                  61,            0.034231,            0.014049,           0.0095303,             0.90487,             0.96552,             0.97428,             0.71043,             0.01785,           0.0039547,           0.0031358,             0.00604,             0.00604,             0.00604
                  62,            0.034442,            0.013902,             0.01061,             0.75728,             0.95903,             0.89238,             0.60005,            0.020556,           0.0039432,           0.0028945,            0.005974,            0.005974,            0.005974
                  63,            0.038101,            0.014598,           0.0099374,             0.90559,             0.93804,             0.96234,                0.69,            0.019223,           0.0039302,           0.0028487,            0.005908,            0.005908,            0.005908
                  64,            0.034343,            0.014107,           0.0096073,             0.92088,             0.96591,             0.96383,              0.6287,            0.020987,           0.0038605,           0.0028599,            0.005842,            0.005842,            0.005842
                  65,            0.035097,            0.014613,            0.010612,             0.95272,                   1,             0.99457,             0.74779,            0.015129,           0.0036674,           0.0022139,            0.005776,            0.005776,            0.005776
                  66,            0.034738,             0.01414,           0.0088969,             0.72442,             0.94052,             0.89523,             0.66595,            0.025199,           0.0036215,           0.0018564,             0.00571,             0.00571,             0.00571
                  67,            0.035304,            0.013439,            0.008769,             0.98456,             0.99983,             0.99457,             0.74326,            0.017173,           0.0033083,           0.0017833,            0.005644,            0.005644,            0.005644
                  68,            0.034825,             0.01317,           0.0090269,             0.98355,                   1,             0.99109,             0.72602,            0.018634,           0.0034154,           0.0016383,            0.005578,            0.005578,            0.005578
                  69,            0.033423,            0.014508,           0.0097051,             0.85032,             0.99202,             0.96771,             0.55191,            0.023405,           0.0038727,            0.001574,            0.005512,            0.005512,            0.005512
                  70,            0.037172,            0.015364,           0.0071911,             0.92411,             0.96669,             0.97848,             0.71992,            0.017738,           0.0035802,           0.0016821,            0.005446,            0.005446,            0.005446
                  71,            0.032732,            0.013862,           0.0073912,             0.97211,             0.99758,             0.99402,             0.63841,            0.019368,           0.0037214,           0.0016662,             0.00538,             0.00538,             0.00538
                  72,            0.034982,            0.013347,            0.005849,              0.9813,              0.9897,               0.995,              0.7504,             0.01457,           0.0035437,           0.0016679,            0.005314,            0.005314,            0.005314
                  73,            0.031574,            0.013397,            0.009612,             0.98414,             0.99677,               0.995,             0.75002,            0.015371,           0.0033296,           0.0016467,            0.005248,            0.005248,            0.005248
                  74,            0.032991,             0.01297,           0.0080152,             0.98372,             0.98864,             0.99217,             0.76859,            0.017107,           0.0033097,           0.0016106,            0.005182,            0.005182,            0.005182
                  75,               0.033,            0.012839,           0.0093245,             0.99569,             0.98864,             0.99457,             0.79193,            0.014319,           0.0032401,           0.0017127,            0.005116,            0.005116,            0.005116
                  76,            0.032484,             0.01336,            0.006897,             0.92597,             0.97727,             0.94312,             0.74448,            0.018642,           0.0032141,           0.0024787,             0.00505,             0.00505,             0.00505
                  77,            0.032373,            0.014184,           0.0088755,             0.94838,             0.99608,             0.97242,             0.77073,            0.017459,            0.003225,           0.0018098,            0.004984,            0.004984,            0.004984
                  78,            0.031918,            0.014368,             0.00936,             0.98372,             0.99119,             0.99457,              0.7976,            0.014893,           0.0031916,              0.0018,            0.004918,            0.004918,            0.004918
                  79,             0.03277,            0.013101,           0.0072133,             0.95996,             0.98864,             0.98087,             0.77904,             0.01374,           0.0031674,           0.0018181,            0.004852,            0.004852,            0.004852
                  80,            0.029715,            0.012774,           0.0068675,             0.96255,             0.99005,             0.99042,             0.76459,            0.014551,           0.0031416,           0.0017948,            0.004786,            0.004786,            0.004786
                  81,            0.030409,            0.011946,           0.0078677,             0.98429,             0.98719,             0.99457,             0.81323,             0.01303,           0.0031077,           0.0015253,             0.00472,             0.00472,             0.00472
                  82,            0.032551,            0.013342,           0.0074704,             0.86223,             0.97217,             0.95986,             0.74872,            0.019134,           0.0030545,           0.0014734,            0.004654,            0.004654,            0.004654
                  83,            0.031151,            0.013691,           0.0076185,             0.98022,             0.99679,             0.99457,             0.72117,            0.019474,           0.0031491,           0.0014474,            0.004588,            0.004588,            0.004588
                  84,            0.035992,            0.014252,            0.007769,             0.99193,                   1,               0.995,             0.77433,            0.015041,            0.003052,           0.0014488,            0.004522,            0.004522,            0.004522
                  85,            0.030789,            0.013166,           0.0076737,             0.99607,             0.99998,               0.995,              0.7866,            0.012919,           0.0029535,           0.0014285,            0.004456,            0.004456,            0.004456
                  86,            0.032153,            0.012074,           0.0094299,             0.97523,             0.99821,             0.99313,             0.76052,             0.01592,           0.0030096,           0.0014183,             0.00439,             0.00439,             0.00439
                  87,             0.03145,            0.013441,           0.0067219,             0.98017,              0.9981,             0.99109,             0.77163,            0.014472,           0.0030465,           0.0014361,            0.004324,            0.004324,            0.004324
                  88,            0.029865,            0.013176,            0.006363,             0.99057,             0.99692,               0.995,             0.80872,            0.012893,           0.0029763,           0.0013839,            0.004258,            0.004258,            0.004258
                  89,            0.028128,            0.013117,            0.008317,             0.99187,                   1,               0.995,             0.78238,            0.014524,           0.0029394,           0.0013135,            0.004192,            0.004192,            0.004192
                  90,            0.029141,            0.013639,            0.005416,             0.99272,                   1,               0.995,             0.81349,            0.012808,           0.0029248,           0.0012451,            0.004126,            0.004126,            0.004126
                  91,            0.028761,            0.012722,           0.0058562,             0.98813,                   1,               0.995,             0.80923,            0.012543,           0.0028674,           0.0012452,             0.00406,             0.00406,             0.00406
                  92,            0.028677,            0.012422,           0.0046022,             0.99296,                   1,               0.995,             0.76251,            0.014737,           0.0029206,            0.001275,            0.003994,            0.003994,            0.003994
                  93,            0.030005,            0.012538,           0.0052763,             0.96835,             0.98217,             0.99417,             0.81872,            0.011341,           0.0029093,           0.0017288,            0.003928,            0.003928,            0.003928
                  94,            0.027586,            0.011745,           0.0083206,             0.97986,             0.97856,             0.99457,             0.82131,            0.013861,           0.0028918,           0.0015486,            0.003862,            0.003862,            0.003862
                  95,            0.026852,            0.012879,           0.0052463,             0.99418,                   1,               0.995,             0.85608,            0.011129,           0.0027183,           0.0011426,            0.003796,            0.003796,            0.003796
                  96,            0.028094,            0.012722,           0.0060009,             0.99364,                   1,               0.995,             0.82308,            0.014492,           0.0027949,           0.0011189,             0.00373,             0.00373,             0.00373
                  97,            0.028314,            0.013041,           0.0057446,             0.99414,                   1,               0.995,             0.85106,            0.012521,           0.0029648,           0.0011257,            0.003664,            0.003664,            0.003664
                  98,            0.026161,            0.011349,           0.0037322,             0.99461,                   1,               0.995,             0.80051,            0.012882,           0.0030012,           0.0011382,            0.003598,            0.003598,            0.003598
                  99,            0.028277,            0.013866,           0.0052949,             0.99508,                   1,               0.995,             0.82557,            0.012582,           0.0028897,           0.0011464,            0.003532,            0.003532,            0.003532
                 100,            0.027264,            0.013209,           0.0061489,             0.99431,                   1,               0.995,             0.85216,            0.010655,            0.002868,            0.001098,            0.003466,            0.003466,            0.003466
                 101,            0.024106,            0.013917,           0.0055704,             0.99438,                   1,               0.995,             0.82407,            0.011043,           0.0027818,           0.0010594,              0.0034,              0.0034,              0.0034
                 102,            0.026208,             0.01281,           0.0084156,             0.99491,                   1,               0.995,             0.84657,           0.0099151,           0.0027363,           0.0010404,            0.003334,            0.003334,            0.003334
                 103,            0.024218,            0.011195,           0.0043589,             0.99585,                   1,               0.995,             0.83433,            0.011223,           0.0027282,           0.0010452,            0.003268,            0.003268,            0.003268
                 104,            0.025675,            0.012335,           0.0037616,             0.99572,                   1,               0.995,             0.82499,            0.010487,            0.002628,            0.001072,            0.003202,            0.003202,            0.003202
                 105,            0.025593,            0.013407,            0.007161,             0.99564,                   1,               0.995,             0.82108,            0.011133,            0.002598,           0.0010518,            0.003136,            0.003136,            0.003136
                 106,            0.026984,            0.012932,           0.0074431,             0.99574,                   1,               0.995,             0.85809,            0.013694,            0.002646,           0.0010626,             0.00307,             0.00307,             0.00307
                 107,             0.02472,            0.012851,           0.0095114,             0.99497,                   1,               0.995,             0.82847,            0.010446,           0.0026837,           0.0010739,            0.003004,            0.003004,            0.003004
                 108,            0.025426,            0.011937,           0.0051866,             0.99532,                   1,               0.995,             0.83203,            0.012428,           0.0026601,           0.0010821,            0.002938,            0.002938,            0.002938
                 109,            0.024024,            0.011221,           0.0034524,             0.99486,                   1,               0.995,             0.85037,            0.010785,           0.0026607,           0.0011001,            0.002872,            0.002872,            0.002872
                 110,            0.027566,            0.011015,           0.0065132,             0.99465,                   1,               0.995,             0.82269,            0.011168,            0.002658,           0.0011134,            0.002806,            0.002806,            0.002806
                 111,            0.024749,            0.011744,            0.005384,             0.99454,                   1,               0.995,             0.86553,            0.010236,           0.0026367,           0.0010693,             0.00274,             0.00274,             0.00274
                 112,            0.024978,            0.011965,            0.007735,             0.99485,                   1,               0.995,             0.85257,           0.0098411,           0.0026197,           0.0010398,            0.002674,            0.002674,            0.002674
                 113,            0.023138,            0.011402,           0.0077116,             0.99543,                   1,               0.995,             0.85708,            0.009956,           0.0025716,           0.0010248,            0.002608,            0.002608,            0.002608
                 114,            0.023794,            0.010801,           0.0057209,             0.99482,             0.99922,               0.995,             0.85645,           0.0098673,           0.0025671,           0.0010204,            0.002542,            0.002542,            0.002542
                 115,            0.021331,            0.012174,           0.0044203,             0.99262,             0.99832,               0.995,             0.87218,            0.010048,           0.0024551,           0.0010059,            0.002476,            0.002476,            0.002476
                 116,            0.025534,            0.011811,           0.0062842,             0.99292,             0.99866,               0.995,             0.86535,           0.0099615,           0.0024855,          0.00096579,             0.00241,             0.00241,             0.00241
                 117,            0.022767,             0.01143,           0.0079952,             0.99287,             0.99984,               0.995,             0.86462,           0.0092271,           0.0024686,          0.00098751,            0.002344,            0.002344,            0.002344
                 118,            0.023481,            0.011355,            0.004525,              0.9938,             0.99901,               0.995,             0.85221,            0.012634,           0.0025689,           0.0009818,            0.002278,            0.002278,            0.002278
                 119,            0.023583,            0.012108,           0.0051068,             0.99163,                   1,               0.995,             0.86246,            0.011082,           0.0024706,           0.0010964,            0.002212,            0.002212,            0.002212
                 120,            0.022566,            0.010988,           0.0044431,             0.99349,                   1,               0.995,             0.86893,           0.0091207,           0.0024395,           0.0010265,            0.002146,            0.002146,            0.002146
                 121,            0.021461,            0.011542,           0.0033876,               0.995,                   1,               0.995,             0.88265,           0.0085384,           0.0024377,          0.00094887,             0.00208,             0.00208,             0.00208
                 122,            0.023211,             0.01071,           0.0049554,             0.99525,                   1,               0.995,             0.87603,           0.0084006,           0.0024918,          0.00094076,            0.002014,            0.002014,            0.002014
                 123,            0.023262,            0.011356,           0.0067838,             0.99598,                   1,               0.995,             0.85641,           0.0090092,           0.0026016,          0.00088757,            0.001948,            0.001948,            0.001948
                 124,            0.022319,            0.012365,           0.0067017,             0.99592,                   1,               0.995,             0.85972,           0.0090089,           0.0026436,          0.00087437,            0.001882,            0.001882,            0.001882
                 125,            0.023909,            0.011184,           0.0039675,             0.99571,                   1,               0.995,             0.87521,           0.0087746,           0.0026105,          0.00084761,            0.001816,            0.001816,            0.001816
                 126,            0.021491,            0.010846,           0.0035634,              0.9957,                   1,               0.995,             0.85289,            0.010265,           0.0025638,          0.00083532,             0.00175,             0.00175,             0.00175
                 127,            0.023452,            0.011987,           0.0044729,             0.99586,                   1,               0.995,             0.87524,           0.0083607,           0.0024217,          0.00080026,            0.001684,            0.001684,            0.001684
                 128,            0.021328,            0.011251,           0.0058504,             0.99578,                   1,               0.995,             0.86207,           0.0091258,           0.0023944,          0.00078978,            0.001618,            0.001618,            0.001618
                 129,            0.022694,            0.011976,           0.0063723,             0.99633,                   1,               0.995,             0.87254,            0.008743,           0.0023896,          0.00078792,            0.001552,            0.001552,            0.001552
                 130,            0.021466,            0.011138,           0.0064703,             0.99607,                   1,               0.995,             0.88786,           0.0084703,           0.0023668,          0.00077485,            0.001486,            0.001486,            0.001486
                 131,            0.021219,            0.011585,            0.003152,             0.99579,                   1,               0.995,             0.88604,           0.0078726,           0.0023202,          0.00074581,             0.00142,             0.00142,             0.00142
                 132,            0.021858,            0.010782,           0.0052817,              0.9956,                   1,               0.995,              0.8847,            0.008273,           0.0023504,          0.00073667,            0.001354,            0.001354,            0.001354
                 133,            0.021628,            0.010664,           0.0041152,             0.99556,                   1,               0.995,              0.8859,           0.0085762,           0.0023795,          0.00072617,            0.001288,            0.001288,            0.001288
                 134,             0.02085,            0.011133,           0.0031739,             0.99549,                   1,               0.995,             0.88872,           0.0078846,           0.0023594,          0.00071972,            0.001222,            0.001222,            0.001222
                 135,            0.019766,            0.011886,           0.0031618,             0.99564,                   1,               0.995,             0.89546,           0.0077725,           0.0023526,          0.00069967,            0.001156,            0.001156,            0.001156
                 136,            0.020671,            0.011355,           0.0031795,             0.99566,                   1,               0.995,             0.88063,            0.008091,           0.0023699,          0.00069223,             0.00109,             0.00109,             0.00109
                 137,            0.022486,            0.010496,           0.0051544,             0.99556,                   1,               0.995,              0.8902,           0.0076171,           0.0023449,          0.00068555,            0.001024,            0.001024,            0.001024
                 138,            0.018341,            0.010188,           0.0037452,              0.9956,                   1,               0.995,             0.89407,           0.0073363,           0.0023266,          0.00068284,            0.000958,            0.000958,            0.000958
                 139,            0.020303,            0.009187,           0.0047352,             0.99547,                   1,               0.995,             0.88865,           0.0077914,           0.0023199,          0.00067886,            0.000892,            0.000892,            0.000892
                 140,            0.019678,            0.011039,           0.0050611,             0.99563,                   1,               0.995,             0.89472,           0.0075889,           0.0023125,          0.00067506,            0.000826,            0.000826,            0.000826
                 141,            0.018125,            0.010545,           0.0029592,             0.99553,                   1,               0.995,             0.87771,           0.0075646,           0.0023093,           0.0006706,             0.00076,             0.00076,             0.00076
                 142,            0.019732,            0.012283,           0.0060673,             0.99535,                   1,               0.995,             0.88939,           0.0074059,           0.0022951,          0.00067163,            0.000694,            0.000694,            0.000694
                 143,            0.020072,             0.01132,           0.0034491,             0.99512,                   1,               0.995,             0.88756,            0.007139,           0.0022782,           0.0006774,            0.000628,            0.000628,            0.000628
                 144,            0.019328,             0.01145,           0.0036462,             0.99522,                   1,               0.995,             0.89258,           0.0075817,           0.0022875,          0.00067394,            0.000562,            0.000562,            0.000562
                 145,             0.01719,            0.010431,           0.0041056,              0.9956,                   1,               0.995,             0.89563,           0.0069797,           0.0022652,          0.00065458,            0.000496,            0.000496,            0.000496
                 146,            0.021076,            0.010514,           0.0039124,             0.99556,                   1,               0.995,              0.8936,           0.0070277,           0.0022598,          0.00064882,             0.00043,             0.00043,             0.00043
                 147,            0.018362,            0.011393,           0.0054648,             0.99548,                   1,               0.995,             0.90324,            0.006997,           0.0022573,          0.00064523,            0.000364,            0.000364,            0.000364
                 148,            0.017494,           0.0087786,           0.0033383,             0.99537,                   1,               0.995,             0.91502,           0.0067891,           0.0022494,          0.00064318,            0.000298,            0.000298,            0.000298
                 149,             0.02105,            0.011445,           0.0044414,             0.99525,                   1,               0.995,             0.91184,           0.0067917,           0.0022428,          0.00063449,            0.000232,            0.000232,            0.000232
